{
  "n_samples": 56962,
  "n_positives": 98,
  "threshold": 0.035,
  "pr_auc": 0.8764598585245742,
  "roc_auc": 0.976202080438253,
  "precision": 0.7203389830508474,
  "recall": 0.8673469387755102,
  "f1": 0.7870370370370371,
  "confusion_matrix": {
    "tn": 56831,
    "fp": 33,
    "fn": 13,
    "tp": 85
  }
}