{
  "none": {
    "n_samples": 56962,
    "n_positives": 99,
    "threshold": 0.5,
    "pr_auc": 0.8315880273773977,
    "roc_auc": 0.9696122365344882,
    "precision": 0.96,
    "recall": 0.7272727272727273,
    "f1": 0.8275862068965517,
    "confusion_matrix": {
      "tn": 56860,
      "fp": 3,
      "fn": 27,
      "tp": 72
    }
  },
  "scale_pos_weight": {
    "n_samples": 56962,
    "n_positives": 99,
    "threshold": 0.5,
    "pr_auc": 0.8334267566975225,
    "roc_auc": 0.9797537480213385,
    "precision": 0.927710843373494,
    "recall": 0.7777777777777778,
    "f1": 0.8461538461538461,
    "confusion_matrix": {
      "tn": 56857,
      "fp": 6,
      "fn": 22,
      "tp": 77
    }
  },
  "SMOTE": {
    "n_samples": 56962,
    "n_positives": 99,
    "threshold": 0.5,
    "pr_auc": 0.8155240583199911,
    "roc_auc": 0.9673366981458359,
    "precision": 0.8125,
    "recall": 0.7878787878787878,
    "f1": 0.8,
    "confusion_matrix": {
      "tn": 56845,
      "fp": 18,
      "fn": 21,
      "tp": 78
    }
  },
  "undersample": {
    "n_samples": 56962,
    "n_positives": 99,
    "threshold": 0.5,
    "pr_auc": 0.4885775915236483,
    "roc_auc": 0.9681691970262746,
    "precision": 0.040515653775322284,
    "recall": 0.8888888888888888,
    "f1": 0.07749889916336415,
    "confusion_matrix": {
      "tn": 54779,
      "fp": 2084,
      "fn": 11,
      "tp": 88
    }
  }
}