{
  "n_samples": 56962,
  "n_positives": 99,
  "threshold": 0.5,
  "pr_auc": 0.683090587834122,
  "roc_auc": 0.9746663831569657,
  "precision": 0.059057730590577305,
  "recall": 0.898989898989899,
  "f1": 0.11083437110834371,
  "confusion_matrix": {
    "tn": 55445,
    "fp": 1418,
    "fn": 10,
    "tp": 89
  }
}