{
  "n_samples": 56962,
  "n_positives": 99,
  "threshold": 0.5,
  "pr_auc": 0.8334267566975225,
  "roc_auc": 0.9797537480213385,
  "precision": 0.927710843373494,
  "recall": 0.7777777777777778,
  "f1": 0.8461538461538461,
  "confusion_matrix": {
    "tn": 56857,
    "fp": 6,
    "fn": 22,
    "tp": 77
  }
}